business_menu_image_url,business_menu_id
https://showeatbucket.s3.ap-northeast-2.amazonaws.com/user/basic-profile.png,3
https://showeatbucket.s3.ap-northeast-2.amazonaws.com/user/basic-profile.png,7
https://showeatbucket.s3.ap-northeast-2.amazonaws.com/user/basic-profile.png,143
https://showeatbucket.s3.ap-northeast-2.amazonaws.com/user/basic-profile.png,91
https://showeatbucket.s3.ap-northeast-2.amazonaws.com/user/basic-profile.png,55
https://showeatbucket.s3.ap-northeast-2.amazonaws.com/user/basic-profile.png,107
https://showeatbucket.s3.ap-northeast-2.amazonaws.com/user/basic-profile.png,225
https://showeatbucket.s3.ap-northeast-2.amazonaws.com/user/basic-profile.png,260
https://showeatbucket.s3.ap-northeast-2.amazonaws.com/user/basic-profile.png,210
https://showeatbucket.s3.ap-northeast-2.amazonaws.com/user/basic-profile.png,23
https://showeatbucket.s3.ap-northeast-2.amazonaws.com/user/basic-profile.png,231
https://showeatbucket.s3.ap-northeast-2.amazonaws.com/user/basic-profile.png,290
https://showeatbucket.s3.ap-northeast-2.amazonaws.com/user/basic-profile.png,189
https://showeatbucket.s3.ap-northeast-2.amazonaws.com/user/basic-profile.png,178
https://showeatbucket.s3.ap-northeast-2.amazonaws.com/user/basic-profile.png,230
https://showeatbucket.s3.ap-northeast-2.amazonaws.com/user/basic-profile.png,251
https://showeatbucket.s3.ap-northeast-2.amazonaws.com/user/basic-profile.png,261
https://showeatbucket.s3.ap-northeast-2.amazonaws.com/user/basic-profile.png,193
https://showeatbucket.s3.ap-northeast-2.amazonaws.com/user/basic-profile.png,18
https://showeatbucket.s3.ap-northeast-2.amazonaws.com/user/basic-profile.png,235
https://showeatbucket.s3.ap-northeast-2.amazonaws.com/user/basic-profile.png,166
https://showeatbucket.s3.ap-northeast-2.amazonaws.com/user/basic-profile.png,144
https://showeatbucket.s3.ap-northeast-2.amazonaws.com/user/basic-profile.png,40
https://showeatbucket.s3.ap-northeast-2.amazonaws.com/user/basic-profile.png,10
https://showeatbucket.s3.ap-northeast-2.amazonaws.com/user/basic-profile.png,57
https://showeatbucket.s3.ap-northeast-2.amazonaws.com/user/basic-profile.png,107
https://showeatbucket.s3.ap-northeast-2.amazonaws.com/user/basic-profile.png,264
https://showeatbucket.s3.ap-northeast-2.amazonaws.com/user/basic-profile.png,188
https://showeatbucket.s3.ap-northeast-2.amazonaws.com/user/basic-profile.png,253
https://showeatbucket.s3.ap-northeast-2.amazonaws.com/user/basic-profile.png,232
https://showeatbucket.s3.ap-northeast-2.amazonaws.com/user/basic-profile.png,60
https://showeatbucket.s3.ap-northeast-2.amazonaws.com/user/basic-profile.png,127
https://showeatbucket.s3.ap-northeast-2.amazonaws.com/user/basic-profile.png,55
https://showeatbucket.s3.ap-northeast-2.amazonaws.com/user/basic-profile.png,287
https://showeatbucket.s3.ap-northeast-2.amazonaws.com/user/basic-profile.png,48
https://showeatbucket.s3.ap-northeast-2.amazonaws.com/user/basic-profile.png,156
https://showeatbucket.s3.ap-northeast-2.amazonaws.com/user/basic-profile.png,42
https://showeatbucket.s3.ap-northeast-2.amazonaws.com/user/basic-profile.png,243
https://showeatbucket.s3.ap-northeast-2.amazonaws.com/user/basic-profile.png,90
https://showeatbucket.s3.ap-northeast-2.amazonaws.com/user/basic-profile.png,6
https://showeatbucket.s3.ap-northeast-2.amazonaws.com/user/basic-profile.png,221
https://showeatbucket.s3.ap-northeast-2.amazonaws.com/user/basic-profile.png,178
https://showeatbucket.s3.ap-northeast-2.amazonaws.com/user/basic-profile.png,110
https://showeatbucket.s3.ap-northeast-2.amazonaws.com/user/basic-profile.png,220
https://showeatbucket.s3.ap-northeast-2.amazonaws.com/user/basic-profile.png,187
https://showeatbucket.s3.ap-northeast-2.amazonaws.com/user/basic-profile.png,208
https://showeatbucket.s3.ap-northeast-2.amazonaws.com/user/basic-profile.png,30
https://showeatbucket.s3.ap-northeast-2.amazonaws.com/user/basic-profile.png,230
https://showeatbucket.s3.ap-northeast-2.amazonaws.com/user/basic-profile.png,87
https://showeatbucket.s3.ap-northeast-2.amazonaws.com/user/basic-profile.png,169
https://showeatbucket.s3.ap-northeast-2.amazonaws.com/user/basic-profile.png,233
https://showeatbucket.s3.ap-northeast-2.amazonaws.com/user/basic-profile.png,156
https://showeatbucket.s3.ap-northeast-2.amazonaws.com/user/basic-profile.png,119
https://showeatbucket.s3.ap-northeast-2.amazonaws.com/user/basic-profile.png,138
https://showeatbucket.s3.ap-northeast-2.amazonaws.com/user/basic-profile.png,215
https://showeatbucket.s3.ap-northeast-2.amazonaws.com/user/basic-profile.png,6
https://showeatbucket.s3.ap-northeast-2.amazonaws.com/user/basic-profile.png,233
https://showeatbucket.s3.ap-northeast-2.amazonaws.com/user/basic-profile.png,64
https://showeatbucket.s3.ap-northeast-2.amazonaws.com/user/basic-profile.png,148
https://showeatbucket.s3.ap-northeast-2.amazonaws.com/user/basic-profile.png,196
https://showeatbucket.s3.ap-northeast-2.amazonaws.com/user/basic-profile.png,284
https://showeatbucket.s3.ap-northeast-2.amazonaws.com/user/basic-profile.png,202
https://showeatbucket.s3.ap-northeast-2.amazonaws.com/user/basic-profile.png,223
https://showeatbucket.s3.ap-northeast-2.amazonaws.com/user/basic-profile.png,114
https://showeatbucket.s3.ap-northeast-2.amazonaws.com/user/basic-profile.png,108
https://showeatbucket.s3.ap-northeast-2.amazonaws.com/user/basic-profile.png,83
https://showeatbucket.s3.ap-northeast-2.amazonaws.com/user/basic-profile.png,242
https://showeatbucket.s3.ap-northeast-2.amazonaws.com/user/basic-profile.png,127
https://showeatbucket.s3.ap-northeast-2.amazonaws.com/user/basic-profile.png,36
https://showeatbucket.s3.ap-northeast-2.amazonaws.com/user/basic-profile.png,265
https://showeatbucket.s3.ap-northeast-2.amazonaws.com/user/basic-profile.png,108
https://showeatbucket.s3.ap-northeast-2.amazonaws.com/user/basic-profile.png,137
https://showeatbucket.s3.ap-northeast-2.amazonaws.com/user/basic-profile.png,199
https://showeatbucket.s3.ap-northeast-2.amazonaws.com/user/basic-profile.png,71
https://showeatbucket.s3.ap-northeast-2.amazonaws.com/user/basic-profile.png,257
https://showeatbucket.s3.ap-northeast-2.amazonaws.com/user/basic-profile.png,211
https://showeatbucket.s3.ap-northeast-2.amazonaws.com/user/basic-profile.png,165
https://showeatbucket.s3.ap-northeast-2.amazonaws.com/user/basic-profile.png,48
https://showeatbucket.s3.ap-northeast-2.amazonaws.com/user/basic-profile.png,281
https://showeatbucket.s3.ap-northeast-2.amazonaws.com/user/basic-profile.png,53
https://showeatbucket.s3.ap-northeast-2.amazonaws.com/user/basic-profile.png,129
https://showeatbucket.s3.ap-northeast-2.amazonaws.com/user/basic-profile.png,32
https://showeatbucket.s3.ap-northeast-2.amazonaws.com/user/basic-profile.png,16
https://showeatbucket.s3.ap-northeast-2.amazonaws.com/user/basic-profile.png,270
https://showeatbucket.s3.ap-northeast-2.amazonaws.com/user/basic-profile.png,291
https://showeatbucket.s3.ap-northeast-2.amazonaws.com/user/basic-profile.png,203
https://showeatbucket.s3.ap-northeast-2.amazonaws.com/user/basic-profile.png,51
https://showeatbucket.s3.ap-northeast-2.amazonaws.com/user/basic-profile.png,246
https://showeatbucket.s3.ap-northeast-2.amazonaws.com/user/basic-profile.png,19
https://showeatbucket.s3.ap-northeast-2.amazonaws.com/user/basic-profile.png,3
https://showeatbucket.s3.ap-northeast-2.amazonaws.com/user/basic-profile.png,162
https://showeatbucket.s3.ap-northeast-2.amazonaws.com/user/basic-profile.png,182
https://showeatbucket.s3.ap-northeast-2.amazonaws.com/user/basic-profile.png,5
https://showeatbucket.s3.ap-northeast-2.amazonaws.com/user/basic-profile.png,177
https://showeatbucket.s3.ap-northeast-2.amazonaws.com/user/basic-profile.png,62
https://showeatbucket.s3.ap-northeast-2.amazonaws.com/user/basic-profile.png,124
https://showeatbucket.s3.ap-northeast-2.amazonaws.com/user/basic-profile.png,271
https://showeatbucket.s3.ap-northeast-2.amazonaws.com/user/basic-profile.png,94
https://showeatbucket.s3.ap-northeast-2.amazonaws.com/user/basic-profile.png,5
https://showeatbucket.s3.ap-northeast-2.amazonaws.com/user/basic-profile.png,181
https://showeatbucket.s3.ap-northeast-2.amazonaws.com/user/basic-profile.png,149
https://showeatbucket.s3.ap-northeast-2.amazonaws.com/user/basic-profile.png,184
https://showeatbucket.s3.ap-northeast-2.amazonaws.com/user/basic-profile.png,186
https://showeatbucket.s3.ap-northeast-2.amazonaws.com/user/basic-profile.png,184
https://showeatbucket.s3.ap-northeast-2.amazonaws.com/user/basic-profile.png,284
https://showeatbucket.s3.ap-northeast-2.amazonaws.com/user/basic-profile.png,57
https://showeatbucket.s3.ap-northeast-2.amazonaws.com/user/basic-profile.png,107
https://showeatbucket.s3.ap-northeast-2.amazonaws.com/user/basic-profile.png,62
https://showeatbucket.s3.ap-northeast-2.amazonaws.com/user/basic-profile.png,101
https://showeatbucket.s3.ap-northeast-2.amazonaws.com/user/basic-profile.png,76
https://showeatbucket.s3.ap-northeast-2.amazonaws.com/user/basic-profile.png,206
https://showeatbucket.s3.ap-northeast-2.amazonaws.com/user/basic-profile.png,298
https://showeatbucket.s3.ap-northeast-2.amazonaws.com/user/basic-profile.png,114
https://showeatbucket.s3.ap-northeast-2.amazonaws.com/user/basic-profile.png,202
https://showeatbucket.s3.ap-northeast-2.amazonaws.com/user/basic-profile.png,101
https://showeatbucket.s3.ap-northeast-2.amazonaws.com/user/basic-profile.png,41
https://showeatbucket.s3.ap-northeast-2.amazonaws.com/user/basic-profile.png,183
https://showeatbucket.s3.ap-northeast-2.amazonaws.com/user/basic-profile.png,86
https://showeatbucket.s3.ap-northeast-2.amazonaws.com/user/basic-profile.png,101
https://showeatbucket.s3.ap-northeast-2.amazonaws.com/user/basic-profile.png,291
https://showeatbucket.s3.ap-northeast-2.amazonaws.com/user/basic-profile.png,8
https://showeatbucket.s3.ap-northeast-2.amazonaws.com/user/basic-profile.png,218
https://showeatbucket.s3.ap-northeast-2.amazonaws.com/user/basic-profile.png,244
https://showeatbucket.s3.ap-northeast-2.amazonaws.com/user/basic-profile.png,282
https://showeatbucket.s3.ap-northeast-2.amazonaws.com/user/basic-profile.png,3
https://showeatbucket.s3.ap-northeast-2.amazonaws.com/user/basic-profile.png,263
https://showeatbucket.s3.ap-northeast-2.amazonaws.com/user/basic-profile.png,205
https://showeatbucket.s3.ap-northeast-2.amazonaws.com/user/basic-profile.png,70
https://showeatbucket.s3.ap-northeast-2.amazonaws.com/user/basic-profile.png,132
https://showeatbucket.s3.ap-northeast-2.amazonaws.com/user/basic-profile.png,44
https://showeatbucket.s3.ap-northeast-2.amazonaws.com/user/basic-profile.png,138
https://showeatbucket.s3.ap-northeast-2.amazonaws.com/user/basic-profile.png,24
https://showeatbucket.s3.ap-northeast-2.amazonaws.com/user/basic-profile.png,152
https://showeatbucket.s3.ap-northeast-2.amazonaws.com/user/basic-profile.png,189
https://showeatbucket.s3.ap-northeast-2.amazonaws.com/user/basic-profile.png,79
https://showeatbucket.s3.ap-northeast-2.amazonaws.com/user/basic-profile.png,136
https://showeatbucket.s3.ap-northeast-2.amazonaws.com/user/basic-profile.png,269
https://showeatbucket.s3.ap-northeast-2.amazonaws.com/user/basic-profile.png,280
https://showeatbucket.s3.ap-northeast-2.amazonaws.com/user/basic-profile.png,151
https://showeatbucket.s3.ap-northeast-2.amazonaws.com/user/basic-profile.png,11
https://showeatbucket.s3.ap-northeast-2.amazonaws.com/user/basic-profile.png,202
https://showeatbucket.s3.ap-northeast-2.amazonaws.com/user/basic-profile.png,74
https://showeatbucket.s3.ap-northeast-2.amazonaws.com/user/basic-profile.png,98
https://showeatbucket.s3.ap-northeast-2.amazonaws.com/user/basic-profile.png,277
https://showeatbucket.s3.ap-northeast-2.amazonaws.com/user/basic-profile.png,138
https://showeatbucket.s3.ap-northeast-2.amazonaws.com/user/basic-profile.png,99
https://showeatbucket.s3.ap-northeast-2.amazonaws.com/user/basic-profile.png,222
https://showeatbucket.s3.ap-northeast-2.amazonaws.com/user/basic-profile.png,221
https://showeatbucket.s3.ap-northeast-2.amazonaws.com/user/basic-profile.png,163
https://showeatbucket.s3.ap-northeast-2.amazonaws.com/user/basic-profile.png,215
https://showeatbucket.s3.ap-northeast-2.amazonaws.com/user/basic-profile.png,238
https://showeatbucket.s3.ap-northeast-2.amazonaws.com/user/basic-profile.png,185
https://showeatbucket.s3.ap-northeast-2.amazonaws.com/user/basic-profile.png,275
https://showeatbucket.s3.ap-northeast-2.amazonaws.com/user/basic-profile.png,242
https://showeatbucket.s3.ap-northeast-2.amazonaws.com/user/basic-profile.png,74
https://showeatbucket.s3.ap-northeast-2.amazonaws.com/user/basic-profile.png,258
https://showeatbucket.s3.ap-northeast-2.amazonaws.com/user/basic-profile.png,293
https://showeatbucket.s3.ap-northeast-2.amazonaws.com/user/basic-profile.png,76
https://showeatbucket.s3.ap-northeast-2.amazonaws.com/user/basic-profile.png,203
https://showeatbucket.s3.ap-northeast-2.amazonaws.com/user/basic-profile.png,81
https://showeatbucket.s3.ap-northeast-2.amazonaws.com/user/basic-profile.png,31
https://showeatbucket.s3.ap-northeast-2.amazonaws.com/user/basic-profile.png,207
https://showeatbucket.s3.ap-northeast-2.amazonaws.com/user/basic-profile.png,91
https://showeatbucket.s3.ap-northeast-2.amazonaws.com/user/basic-profile.png,163
https://showeatbucket.s3.ap-northeast-2.amazonaws.com/user/basic-profile.png,122
https://showeatbucket.s3.ap-northeast-2.amazonaws.com/user/basic-profile.png,98
https://showeatbucket.s3.ap-northeast-2.amazonaws.com/user/basic-profile.png,46
https://showeatbucket.s3.ap-northeast-2.amazonaws.com/user/basic-profile.png,261
https://showeatbucket.s3.ap-northeast-2.amazonaws.com/user/basic-profile.png,293
https://showeatbucket.s3.ap-northeast-2.amazonaws.com/user/basic-profile.png,212
https://showeatbucket.s3.ap-northeast-2.amazonaws.com/user/basic-profile.png,218
https://showeatbucket.s3.ap-northeast-2.amazonaws.com/user/basic-profile.png,129
https://showeatbucket.s3.ap-northeast-2.amazonaws.com/user/basic-profile.png,58
https://showeatbucket.s3.ap-northeast-2.amazonaws.com/user/basic-profile.png,270
https://showeatbucket.s3.ap-northeast-2.amazonaws.com/user/basic-profile.png,68
https://showeatbucket.s3.ap-northeast-2.amazonaws.com/user/basic-profile.png,179
https://showeatbucket.s3.ap-northeast-2.amazonaws.com/user/basic-profile.png,266
https://showeatbucket.s3.ap-northeast-2.amazonaws.com/user/basic-profile.png,47
https://showeatbucket.s3.ap-northeast-2.amazonaws.com/user/basic-profile.png,6
https://showeatbucket.s3.ap-northeast-2.amazonaws.com/user/basic-profile.png,12
https://showeatbucket.s3.ap-northeast-2.amazonaws.com/user/basic-profile.png,39
https://showeatbucket.s3.ap-northeast-2.amazonaws.com/user/basic-profile.png,166
https://showeatbucket.s3.ap-northeast-2.amazonaws.com/user/basic-profile.png,100
https://showeatbucket.s3.ap-northeast-2.amazonaws.com/user/basic-profile.png,225
https://showeatbucket.s3.ap-northeast-2.amazonaws.com/user/basic-profile.png,103
https://showeatbucket.s3.ap-northeast-2.amazonaws.com/user/basic-profile.png,231
https://showeatbucket.s3.ap-northeast-2.amazonaws.com/user/basic-profile.png,173
https://showeatbucket.s3.ap-northeast-2.amazonaws.com/user/basic-profile.png,17
https://showeatbucket.s3.ap-northeast-2.amazonaws.com/user/basic-profile.png,168
https://showeatbucket.s3.ap-northeast-2.amazonaws.com/user/basic-profile.png,188
https://showeatbucket.s3.ap-northeast-2.amazonaws.com/user/basic-profile.png,255
https://showeatbucket.s3.ap-northeast-2.amazonaws.com/user/basic-profile.png,46
https://showeatbucket.s3.ap-northeast-2.amazonaws.com/user/basic-profile.png,95
https://showeatbucket.s3.ap-northeast-2.amazonaws.com/user/basic-profile.png,215
https://showeatbucket.s3.ap-northeast-2.amazonaws.com/user/basic-profile.png,88
https://showeatbucket.s3.ap-northeast-2.amazonaws.com/user/basic-profile.png,172
https://showeatbucket.s3.ap-northeast-2.amazonaws.com/user/basic-profile.png,92
https://showeatbucket.s3.ap-northeast-2.amazonaws.com/user/basic-profile.png,244
https://showeatbucket.s3.ap-northeast-2.amazonaws.com/user/basic-profile.png,93
https://showeatbucket.s3.ap-northeast-2.amazonaws.com/user/basic-profile.png,243
https://showeatbucket.s3.ap-northeast-2.amazonaws.com/user/basic-profile.png,180
https://showeatbucket.s3.ap-northeast-2.amazonaws.com/user/basic-profile.png,208
https://showeatbucket.s3.ap-northeast-2.amazonaws.com/user/basic-profile.png,194
https://showeatbucket.s3.ap-northeast-2.amazonaws.com/user/basic-profile.png,131
https://showeatbucket.s3.ap-northeast-2.amazonaws.com/user/basic-profile.png,23
https://showeatbucket.s3.ap-northeast-2.amazonaws.com/user/basic-profile.png,57
https://showeatbucket.s3.ap-northeast-2.amazonaws.com/user/basic-profile.png,272
https://showeatbucket.s3.ap-northeast-2.amazonaws.com/user/basic-profile.png,231
https://showeatbucket.s3.ap-northeast-2.amazonaws.com/user/basic-profile.png,258
https://showeatbucket.s3.ap-northeast-2.amazonaws.com/user/basic-profile.png,240
https://showeatbucket.s3.ap-northeast-2.amazonaws.com/user/basic-profile.png,296
https://showeatbucket.s3.ap-northeast-2.amazonaws.com/user/basic-profile.png,269
https://showeatbucket.s3.ap-northeast-2.amazonaws.com/user/basic-profile.png,272
https://showeatbucket.s3.ap-northeast-2.amazonaws.com/user/basic-profile.png,66
https://showeatbucket.s3.ap-northeast-2.amazonaws.com/user/basic-profile.png,285
https://showeatbucket.s3.ap-northeast-2.amazonaws.com/user/basic-profile.png,298
https://showeatbucket.s3.ap-northeast-2.amazonaws.com/user/basic-profile.png,216
https://showeatbucket.s3.ap-northeast-2.amazonaws.com/user/basic-profile.png,25
https://showeatbucket.s3.ap-northeast-2.amazonaws.com/user/basic-profile.png,279
https://showeatbucket.s3.ap-northeast-2.amazonaws.com/user/basic-profile.png,156
https://showeatbucket.s3.ap-northeast-2.amazonaws.com/user/basic-profile.png,13
https://showeatbucket.s3.ap-northeast-2.amazonaws.com/user/basic-profile.png,201
https://showeatbucket.s3.ap-northeast-2.amazonaws.com/user/basic-profile.png,37
https://showeatbucket.s3.ap-northeast-2.amazonaws.com/user/basic-profile.png,163
https://showeatbucket.s3.ap-northeast-2.amazonaws.com/user/basic-profile.png,241
https://showeatbucket.s3.ap-northeast-2.amazonaws.com/user/basic-profile.png,12
https://showeatbucket.s3.ap-northeast-2.amazonaws.com/user/basic-profile.png,138
https://showeatbucket.s3.ap-northeast-2.amazonaws.com/user/basic-profile.png,121
https://showeatbucket.s3.ap-northeast-2.amazonaws.com/user/basic-profile.png,126
https://showeatbucket.s3.ap-northeast-2.amazonaws.com/user/basic-profile.png,170
https://showeatbucket.s3.ap-northeast-2.amazonaws.com/user/basic-profile.png,78
https://showeatbucket.s3.ap-northeast-2.amazonaws.com/user/basic-profile.png,224
https://showeatbucket.s3.ap-northeast-2.amazonaws.com/user/basic-profile.png,15
https://showeatbucket.s3.ap-northeast-2.amazonaws.com/user/basic-profile.png,9
https://showeatbucket.s3.ap-northeast-2.amazonaws.com/user/basic-profile.png,120
https://showeatbucket.s3.ap-northeast-2.amazonaws.com/user/basic-profile.png,284
https://showeatbucket.s3.ap-northeast-2.amazonaws.com/user/basic-profile.png,41
https://showeatbucket.s3.ap-northeast-2.amazonaws.com/user/basic-profile.png,137
https://showeatbucket.s3.ap-northeast-2.amazonaws.com/user/basic-profile.png,151
https://showeatbucket.s3.ap-northeast-2.amazonaws.com/user/basic-profile.png,189
https://showeatbucket.s3.ap-northeast-2.amazonaws.com/user/basic-profile.png,220
https://showeatbucket.s3.ap-northeast-2.amazonaws.com/user/basic-profile.png,247
https://showeatbucket.s3.ap-northeast-2.amazonaws.com/user/basic-profile.png,235
https://showeatbucket.s3.ap-northeast-2.amazonaws.com/user/basic-profile.png,95
https://showeatbucket.s3.ap-northeast-2.amazonaws.com/user/basic-profile.png,150
https://showeatbucket.s3.ap-northeast-2.amazonaws.com/user/basic-profile.png,222
https://showeatbucket.s3.ap-northeast-2.amazonaws.com/user/basic-profile.png,226
https://showeatbucket.s3.ap-northeast-2.amazonaws.com/user/basic-profile.png,211
https://showeatbucket.s3.ap-northeast-2.amazonaws.com/user/basic-profile.png,113
https://showeatbucket.s3.ap-northeast-2.amazonaws.com/user/basic-profile.png,181
https://showeatbucket.s3.ap-northeast-2.amazonaws.com/user/basic-profile.png,111
https://showeatbucket.s3.ap-northeast-2.amazonaws.com/user/basic-profile.png,23
https://showeatbucket.s3.ap-northeast-2.amazonaws.com/user/basic-profile.png,226
https://showeatbucket.s3.ap-northeast-2.amazonaws.com/user/basic-profile.png,47
https://showeatbucket.s3.ap-northeast-2.amazonaws.com/user/basic-profile.png,156
https://showeatbucket.s3.ap-northeast-2.amazonaws.com/user/basic-profile.png,42
https://showeatbucket.s3.ap-northeast-2.amazonaws.com/user/basic-profile.png,130
https://showeatbucket.s3.ap-northeast-2.amazonaws.com/user/basic-profile.png,133
https://showeatbucket.s3.ap-northeast-2.amazonaws.com/user/basic-profile.png,48
https://showeatbucket.s3.ap-northeast-2.amazonaws.com/user/basic-profile.png,102
https://showeatbucket.s3.ap-northeast-2.amazonaws.com/user/basic-profile.png,133
https://showeatbucket.s3.ap-northeast-2.amazonaws.com/user/basic-profile.png,124
https://showeatbucket.s3.ap-northeast-2.amazonaws.com/user/basic-profile.png,130
https://showeatbucket.s3.ap-northeast-2.amazonaws.com/user/basic-profile.png,170
https://showeatbucket.s3.ap-northeast-2.amazonaws.com/user/basic-profile.png,255
https://showeatbucket.s3.ap-northeast-2.amazonaws.com/user/basic-profile.png,255
https://showeatbucket.s3.ap-northeast-2.amazonaws.com/user/basic-profile.png,167
https://showeatbucket.s3.ap-northeast-2.amazonaws.com/user/basic-profile.png,147
https://showeatbucket.s3.ap-northeast-2.amazonaws.com/user/basic-profile.png,59
https://showeatbucket.s3.ap-northeast-2.amazonaws.com/user/basic-profile.png,49
https://showeatbucket.s3.ap-northeast-2.amazonaws.com/user/basic-profile.png,274
https://showeatbucket.s3.ap-northeast-2.amazonaws.com/user/basic-profile.png,149
https://showeatbucket.s3.ap-northeast-2.amazonaws.com/user/basic-profile.png,206
https://showeatbucket.s3.ap-northeast-2.amazonaws.com/user/basic-profile.png,73
https://showeatbucket.s3.ap-northeast-2.amazonaws.com/user/basic-profile.png,160
https://showeatbucket.s3.ap-northeast-2.amazonaws.com/user/basic-profile.png,112
https://showeatbucket.s3.ap-northeast-2.amazonaws.com/user/basic-profile.png,221
https://showeatbucket.s3.ap-northeast-2.amazonaws.com/user/basic-profile.png,170
https://showeatbucket.s3.ap-northeast-2.amazonaws.com/user/basic-profile.png,167
https://showeatbucket.s3.ap-northeast-2.amazonaws.com/user/basic-profile.png,164
https://showeatbucket.s3.ap-northeast-2.amazonaws.com/user/basic-profile.png,216
https://showeatbucket.s3.ap-northeast-2.amazonaws.com/user/basic-profile.png,88
https://showeatbucket.s3.ap-northeast-2.amazonaws.com/user/basic-profile.png,108
https://showeatbucket.s3.ap-northeast-2.amazonaws.com/user/basic-profile.png,276
https://showeatbucket.s3.ap-northeast-2.amazonaws.com/user/basic-profile.png,209
https://showeatbucket.s3.ap-northeast-2.amazonaws.com/user/basic-profile.png,234
https://showeatbucket.s3.ap-northeast-2.amazonaws.com/user/basic-profile.png,60
https://showeatbucket.s3.ap-northeast-2.amazonaws.com/user/basic-profile.png,247
https://showeatbucket.s3.ap-northeast-2.amazonaws.com/user/basic-profile.png,181
https://showeatbucket.s3.ap-northeast-2.amazonaws.com/user/basic-profile.png,255
https://showeatbucket.s3.ap-northeast-2.amazonaws.com/user/basic-profile.png,66
https://showeatbucket.s3.ap-northeast-2.amazonaws.com/user/basic-profile.png,36
https://showeatbucket.s3.ap-northeast-2.amazonaws.com/user/basic-profile.png,82
https://showeatbucket.s3.ap-northeast-2.amazonaws.com/user/basic-profile.png,141
https://showeatbucket.s3.ap-northeast-2.amazonaws.com/user/basic-profile.png,280
https://showeatbucket.s3.ap-northeast-2.amazonaws.com/user/basic-profile.png,140
https://showeatbucket.s3.ap-northeast-2.amazonaws.com/user/basic-profile.png,142
https://showeatbucket.s3.ap-northeast-2.amazonaws.com/user/basic-profile.png,149
https://showeatbucket.s3.ap-northeast-2.amazonaws.com/user/basic-profile.png,240
https://showeatbucket.s3.ap-northeast-2.amazonaws.com/user/basic-profile.png,272
https://showeatbucket.s3.ap-northeast-2.amazonaws.com/user/basic-profile.png,80
https://showeatbucket.s3.ap-northeast-2.amazonaws.com/user/basic-profile.png,269
https://showeatbucket.s3.ap-northeast-2.amazonaws.com/user/basic-profile.png,290
https://showeatbucket.s3.ap-northeast-2.amazonaws.com/user/basic-profile.png,273
https://showeatbucket.s3.ap-northeast-2.amazonaws.com/user/basic-profile.png,250
https://showeatbucket.s3.ap-northeast-2.amazonaws.com/user/basic-profile.png,32
https://showeatbucket.s3.ap-northeast-2.amazonaws.com/user/basic-profile.png,148
https://showeatbucket.s3.ap-northeast-2.amazonaws.com/user/basic-profile.png,97
https://showeatbucket.s3.ap-northeast-2.amazonaws.com/user/basic-profile.png,243
https://showeatbucket.s3.ap-northeast-2.amazonaws.com/user/basic-profile.png,179
https://showeatbucket.s3.ap-northeast-2.amazonaws.com/user/basic-profile.png,233
https://showeatbucket.s3.ap-northeast-2.amazonaws.com/user/basic-profile.png,153
https://showeatbucket.s3.ap-northeast-2.amazonaws.com/user/basic-profile.png,59
https://showeatbucket.s3.ap-northeast-2.amazonaws.com/user/basic-profile.png,235
https://showeatbucket.s3.ap-northeast-2.amazonaws.com/user/basic-profile.png,227
https://showeatbucket.s3.ap-northeast-2.amazonaws.com/user/basic-profile.png,169
https://showeatbucket.s3.ap-northeast-2.amazonaws.com/user/basic-profile.png,146
https://showeatbucket.s3.ap-northeast-2.amazonaws.com/user/basic-profile.png,292
https://showeatbucket.s3.ap-northeast-2.amazonaws.com/user/basic-profile.png,21
https://showeatbucket.s3.ap-northeast-2.amazonaws.com/user/basic-profile.png,277
https://showeatbucket.s3.ap-northeast-2.amazonaws.com/user/basic-profile.png,170
https://showeatbucket.s3.ap-northeast-2.amazonaws.com/user/basic-profile.png,178
https://showeatbucket.s3.ap-northeast-2.amazonaws.com/user/basic-profile.png,134
https://showeatbucket.s3.ap-northeast-2.amazonaws.com/user/basic-profile.png,208
https://showeatbucket.s3.ap-northeast-2.amazonaws.com/user/basic-profile.png,67
https://showeatbucket.s3.ap-northeast-2.amazonaws.com/user/basic-profile.png,56
https://showeatbucket.s3.ap-northeast-2.amazonaws.com/user/basic-profile.png,32
https://showeatbucket.s3.ap-northeast-2.amazonaws.com/user/basic-profile.png,39
https://showeatbucket.s3.ap-northeast-2.amazonaws.com/user/basic-profile.png,192
https://showeatbucket.s3.ap-northeast-2.amazonaws.com/user/basic-profile.png,133
https://showeatbucket.s3.ap-northeast-2.amazonaws.com/user/basic-profile.png,22
https://showeatbucket.s3.ap-northeast-2.amazonaws.com/user/basic-profile.png,228
https://showeatbucket.s3.ap-northeast-2.amazonaws.com/user/basic-profile.png,238
https://showeatbucket.s3.ap-northeast-2.amazonaws.com/user/basic-profile.png,133
https://showeatbucket.s3.ap-northeast-2.amazonaws.com/user/basic-profile.png,28
https://showeatbucket.s3.ap-northeast-2.amazonaws.com/user/basic-profile.png,214
https://showeatbucket.s3.ap-northeast-2.amazonaws.com/user/basic-profile.png,107
https://showeatbucket.s3.ap-northeast-2.amazonaws.com/user/basic-profile.png,170
https://showeatbucket.s3.ap-northeast-2.amazonaws.com/user/basic-profile.png,62
https://showeatbucket.s3.ap-northeast-2.amazonaws.com/user/basic-profile.png,209
https://showeatbucket.s3.ap-northeast-2.amazonaws.com/user/basic-profile.png,171
https://showeatbucket.s3.ap-northeast-2.amazonaws.com/user/basic-profile.png,181
https://showeatbucket.s3.ap-northeast-2.amazonaws.com/user/basic-profile.png,12
https://showeatbucket.s3.ap-northeast-2.amazonaws.com/user/basic-profile.png,74
https://showeatbucket.s3.ap-northeast-2.amazonaws.com/user/basic-profile.png,236
https://showeatbucket.s3.ap-northeast-2.amazonaws.com/user/basic-profile.png,132
https://showeatbucket.s3.ap-northeast-2.amazonaws.com/user/basic-profile.png,92
https://showeatbucket.s3.ap-northeast-2.amazonaws.com/user/basic-profile.png,82
https://showeatbucket.s3.ap-northeast-2.amazonaws.com/user/basic-profile.png,33
https://showeatbucket.s3.ap-northeast-2.amazonaws.com/user/basic-profile.png,101
https://showeatbucket.s3.ap-northeast-2.amazonaws.com/user/basic-profile.png,23
https://showeatbucket.s3.ap-northeast-2.amazonaws.com/user/basic-profile.png,229
https://showeatbucket.s3.ap-northeast-2.amazonaws.com/user/basic-profile.png,223
https://showeatbucket.s3.ap-northeast-2.amazonaws.com/user/basic-profile.png,232
https://showeatbucket.s3.ap-northeast-2.amazonaws.com/user/basic-profile.png,3
https://showeatbucket.s3.ap-northeast-2.amazonaws.com/user/basic-profile.png,131
https://showeatbucket.s3.ap-northeast-2.amazonaws.com/user/basic-profile.png,291
https://showeatbucket.s3.ap-northeast-2.amazonaws.com/user/basic-profile.png,148
https://showeatbucket.s3.ap-northeast-2.amazonaws.com/user/basic-profile.png,77
https://showeatbucket.s3.ap-northeast-2.amazonaws.com/user/basic-profile.png,172
https://showeatbucket.s3.ap-northeast-2.amazonaws.com/user/basic-profile.png,217
https://showeatbucket.s3.ap-northeast-2.amazonaws.com/user/basic-profile.png,281
https://showeatbucket.s3.ap-northeast-2.amazonaws.com/user/basic-profile.png,18
https://showeatbucket.s3.ap-northeast-2.amazonaws.com/user/basic-profile.png,204
https://showeatbucket.s3.ap-northeast-2.amazonaws.com/user/basic-profile.png,283
https://showeatbucket.s3.ap-northeast-2.amazonaws.com/user/basic-profile.png,258
https://showeatbucket.s3.ap-northeast-2.amazonaws.com/user/basic-profile.png,283
https://showeatbucket.s3.ap-northeast-2.amazonaws.com/user/basic-profile.png,10
https://showeatbucket.s3.ap-northeast-2.amazonaws.com/user/basic-profile.png,56
https://showeatbucket.s3.ap-northeast-2.amazonaws.com/user/basic-profile.png,209
https://showeatbucket.s3.ap-northeast-2.amazonaws.com/user/basic-profile.png,230
https://showeatbucket.s3.ap-northeast-2.amazonaws.com/user/basic-profile.png,254
https://showeatbucket.s3.ap-northeast-2.amazonaws.com/user/basic-profile.png,42
https://showeatbucket.s3.ap-northeast-2.amazonaws.com/user/basic-profile.png,153
https://showeatbucket.s3.ap-northeast-2.amazonaws.com/user/basic-profile.png,42
https://showeatbucket.s3.ap-northeast-2.amazonaws.com/user/basic-profile.png,96
https://showeatbucket.s3.ap-northeast-2.amazonaws.com/user/basic-profile.png,15
https://showeatbucket.s3.ap-northeast-2.amazonaws.com/user/basic-profile.png,171
https://showeatbucket.s3.ap-northeast-2.amazonaws.com/user/basic-profile.png,170
https://showeatbucket.s3.ap-northeast-2.amazonaws.com/user/basic-profile.png,272
https://showeatbucket.s3.ap-northeast-2.amazonaws.com/user/basic-profile.png,94
https://showeatbucket.s3.ap-northeast-2.amazonaws.com/user/basic-profile.png,236
https://showeatbucket.s3.ap-northeast-2.amazonaws.com/user/basic-profile.png,291
https://showeatbucket.s3.ap-northeast-2.amazonaws.com/user/basic-profile.png,270
https://showeatbucket.s3.ap-northeast-2.amazonaws.com/user/basic-profile.png,259
https://showeatbucket.s3.ap-northeast-2.amazonaws.com/user/basic-profile.png,19
https://showeatbucket.s3.ap-northeast-2.amazonaws.com/user/basic-profile.png,121
https://showeatbucket.s3.ap-northeast-2.amazonaws.com/user/basic-profile.png,274
https://showeatbucket.s3.ap-northeast-2.amazonaws.com/user/basic-profile.png,289
https://showeatbucket.s3.ap-northeast-2.amazonaws.com/user/basic-profile.png,33
https://showeatbucket.s3.ap-northeast-2.amazonaws.com/user/basic-profile.png,166
https://showeatbucket.s3.ap-northeast-2.amazonaws.com/user/basic-profile.png,23
https://showeatbucket.s3.ap-northeast-2.amazonaws.com/user/basic-profile.png,220
https://showeatbucket.s3.ap-northeast-2.amazonaws.com/user/basic-profile.png,143
https://showeatbucket.s3.ap-northeast-2.amazonaws.com/user/basic-profile.png,142
https://showeatbucket.s3.ap-northeast-2.amazonaws.com/user/basic-profile.png,61
https://showeatbucket.s3.ap-northeast-2.amazonaws.com/user/basic-profile.png,38
https://showeatbucket.s3.ap-northeast-2.amazonaws.com/user/basic-profile.png,110
https://showeatbucket.s3.ap-northeast-2.amazonaws.com/user/basic-profile.png,86
https://showeatbucket.s3.ap-northeast-2.amazonaws.com/user/basic-profile.png,182
https://showeatbucket.s3.ap-northeast-2.amazonaws.com/user/basic-profile.png,77
https://showeatbucket.s3.ap-northeast-2.amazonaws.com/user/basic-profile.png,137
https://showeatbucket.s3.ap-northeast-2.amazonaws.com/user/basic-profile.png,115
https://showeatbucket.s3.ap-northeast-2.amazonaws.com/user/basic-profile.png,104
https://showeatbucket.s3.ap-northeast-2.amazonaws.com/user/basic-profile.png,8
https://showeatbucket.s3.ap-northeast-2.amazonaws.com/user/basic-profile.png,116
https://showeatbucket.s3.ap-northeast-2.amazonaws.com/user/basic-profile.png,13
https://showeatbucket.s3.ap-northeast-2.amazonaws.com/user/basic-profile.png,153
https://showeatbucket.s3.ap-northeast-2.amazonaws.com/user/basic-profile.png,44
https://showeatbucket.s3.ap-northeast-2.amazonaws.com/user/basic-profile.png,223
https://showeatbucket.s3.ap-northeast-2.amazonaws.com/user/basic-profile.png,132
https://showeatbucket.s3.ap-northeast-2.amazonaws.com/user/basic-profile.png,184
https://showeatbucket.s3.ap-northeast-2.amazonaws.com/user/basic-profile.png,295
https://showeatbucket.s3.ap-northeast-2.amazonaws.com/user/basic-profile.png,300
https://showeatbucket.s3.ap-northeast-2.amazonaws.com/user/basic-profile.png,221
https://showeatbucket.s3.ap-northeast-2.amazonaws.com/user/basic-profile.png,85
https://showeatbucket.s3.ap-northeast-2.amazonaws.com/user/basic-profile.png,79
https://showeatbucket.s3.ap-northeast-2.amazonaws.com/user/basic-profile.png,89
https://showeatbucket.s3.ap-northeast-2.amazonaws.com/user/basic-profile.png,268
https://showeatbucket.s3.ap-northeast-2.amazonaws.com/user/basic-profile.png,253
https://showeatbucket.s3.ap-northeast-2.amazonaws.com/user/basic-profile.png,7
https://showeatbucket.s3.ap-northeast-2.amazonaws.com/user/basic-profile.png,273
https://showeatbucket.s3.ap-northeast-2.amazonaws.com/user/basic-profile.png,5
https://showeatbucket.s3.ap-northeast-2.amazonaws.com/user/basic-profile.png,231
https://showeatbucket.s3.ap-northeast-2.amazonaws.com/user/basic-profile.png,295
https://showeatbucket.s3.ap-northeast-2.amazonaws.com/user/basic-profile.png,22
https://showeatbucket.s3.ap-northeast-2.amazonaws.com/user/basic-profile.png,283
https://showeatbucket.s3.ap-northeast-2.amazonaws.com/user/basic-profile.png,197
https://showeatbucket.s3.ap-northeast-2.amazonaws.com/user/basic-profile.png,108
https://showeatbucket.s3.ap-northeast-2.amazonaws.com/user/basic-profile.png,28
https://showeatbucket.s3.ap-northeast-2.amazonaws.com/user/basic-profile.png,202
https://showeatbucket.s3.ap-northeast-2.amazonaws.com/user/basic-profile.png,207
https://showeatbucket.s3.ap-northeast-2.amazonaws.com/user/basic-profile.png,280
https://showeatbucket.s3.ap-northeast-2.amazonaws.com/user/basic-profile.png,188
https://showeatbucket.s3.ap-northeast-2.amazonaws.com/user/basic-profile.png,290
https://showeatbucket.s3.ap-northeast-2.amazonaws.com/user/basic-profile.png,30
https://showeatbucket.s3.ap-northeast-2.amazonaws.com/user/basic-profile.png,166
https://showeatbucket.s3.ap-northeast-2.amazonaws.com/user/basic-profile.png,50
https://showeatbucket.s3.ap-northeast-2.amazonaws.com/user/basic-profile.png,60
https://showeatbucket.s3.ap-northeast-2.amazonaws.com/user/basic-profile.png,134
https://showeatbucket.s3.ap-northeast-2.amazonaws.com/user/basic-profile.png,99
https://showeatbucket.s3.ap-northeast-2.amazonaws.com/user/basic-profile.png,205
https://showeatbucket.s3.ap-northeast-2.amazonaws.com/user/basic-profile.png,157
https://showeatbucket.s3.ap-northeast-2.amazonaws.com/user/basic-profile.png,259
https://showeatbucket.s3.ap-northeast-2.amazonaws.com/user/basic-profile.png,138
https://showeatbucket.s3.ap-northeast-2.amazonaws.com/user/basic-profile.png,136
https://showeatbucket.s3.ap-northeast-2.amazonaws.com/user/basic-profile.png,174
https://showeatbucket.s3.ap-northeast-2.amazonaws.com/user/basic-profile.png,295
https://showeatbucket.s3.ap-northeast-2.amazonaws.com/user/basic-profile.png,185
https://showeatbucket.s3.ap-northeast-2.amazonaws.com/user/basic-profile.png,294
https://showeatbucket.s3.ap-northeast-2.amazonaws.com/user/basic-profile.png,13
https://showeatbucket.s3.ap-northeast-2.amazonaws.com/user/basic-profile.png,249
https://showeatbucket.s3.ap-northeast-2.amazonaws.com/user/basic-profile.png,277
https://showeatbucket.s3.ap-northeast-2.amazonaws.com/user/basic-profile.png,74
https://showeatbucket.s3.ap-northeast-2.amazonaws.com/user/basic-profile.png,95
https://showeatbucket.s3.ap-northeast-2.amazonaws.com/user/basic-profile.png,288
https://showeatbucket.s3.ap-northeast-2.amazonaws.com/user/basic-profile.png,35
https://showeatbucket.s3.ap-northeast-2.amazonaws.com/user/basic-profile.png,156
https://showeatbucket.s3.ap-northeast-2.amazonaws.com/user/basic-profile.png,31
https://showeatbucket.s3.ap-northeast-2.amazonaws.com/user/basic-profile.png,72
https://showeatbucket.s3.ap-northeast-2.amazonaws.com/user/basic-profile.png,178
https://showeatbucket.s3.ap-northeast-2.amazonaws.com/user/basic-profile.png,92
https://showeatbucket.s3.ap-northeast-2.amazonaws.com/user/basic-profile.png,259
https://showeatbucket.s3.ap-northeast-2.amazonaws.com/user/basic-profile.png,24
https://showeatbucket.s3.ap-northeast-2.amazonaws.com/user/basic-profile.png,137
https://showeatbucket.s3.ap-northeast-2.amazonaws.com/user/basic-profile.png,107
https://showeatbucket.s3.ap-northeast-2.amazonaws.com/user/basic-profile.png,32
https://showeatbucket.s3.ap-northeast-2.amazonaws.com/user/basic-profile.png,179
https://showeatbucket.s3.ap-northeast-2.amazonaws.com/user/basic-profile.png,89
https://showeatbucket.s3.ap-northeast-2.amazonaws.com/user/basic-profile.png,204
https://showeatbucket.s3.ap-northeast-2.amazonaws.com/user/basic-profile.png,265
https://showeatbucket.s3.ap-northeast-2.amazonaws.com/user/basic-profile.png,77
https://showeatbucket.s3.ap-northeast-2.amazonaws.com/user/basic-profile.png,62
https://showeatbucket.s3.ap-northeast-2.amazonaws.com/user/basic-profile.png,275
https://showeatbucket.s3.ap-northeast-2.amazonaws.com/user/basic-profile.png,192
https://showeatbucket.s3.ap-northeast-2.amazonaws.com/user/basic-profile.png,250
https://showeatbucket.s3.ap-northeast-2.amazonaws.com/user/basic-profile.png,75
https://showeatbucket.s3.ap-northeast-2.amazonaws.com/user/basic-profile.png,284
https://showeatbucket.s3.ap-northeast-2.amazonaws.com/user/basic-profile.png,143
https://showeatbucket.s3.ap-northeast-2.amazonaws.com/user/basic-profile.png,226
https://showeatbucket.s3.ap-northeast-2.amazonaws.com/user/basic-profile.png,91
https://showeatbucket.s3.ap-northeast-2.amazonaws.com/user/basic-profile.png,89
https://showeatbucket.s3.ap-northeast-2.amazonaws.com/user/basic-profile.png,191
https://showeatbucket.s3.ap-northeast-2.amazonaws.com/user/basic-profile.png,73
https://showeatbucket.s3.ap-northeast-2.amazonaws.com/user/basic-profile.png,296
https://showeatbucket.s3.ap-northeast-2.amazonaws.com/user/basic-profile.png,95
https://showeatbucket.s3.ap-northeast-2.amazonaws.com/user/basic-profile.png,30
https://showeatbucket.s3.ap-northeast-2.amazonaws.com/user/basic-profile.png,145
https://showeatbucket.s3.ap-northeast-2.amazonaws.com/user/basic-profile.png,99
https://showeatbucket.s3.ap-northeast-2.amazonaws.com/user/basic-profile.png,256
https://showeatbucket.s3.ap-northeast-2.amazonaws.com/user/basic-profile.png,300
https://showeatbucket.s3.ap-northeast-2.amazonaws.com/user/basic-profile.png,106
https://showeatbucket.s3.ap-northeast-2.amazonaws.com/user/basic-profile.png,144
https://showeatbucket.s3.ap-northeast-2.amazonaws.com/user/basic-profile.png,244
https://showeatbucket.s3.ap-northeast-2.amazonaws.com/user/basic-profile.png,151
https://showeatbucket.s3.ap-northeast-2.amazonaws.com/user/basic-profile.png,73
https://showeatbucket.s3.ap-northeast-2.amazonaws.com/user/basic-profile.png,296
https://showeatbucket.s3.ap-northeast-2.amazonaws.com/user/basic-profile.png,64
https://showeatbucket.s3.ap-northeast-2.amazonaws.com/user/basic-profile.png,21
https://showeatbucket.s3.ap-northeast-2.amazonaws.com/user/basic-profile.png,23
https://showeatbucket.s3.ap-northeast-2.amazonaws.com/user/basic-profile.png,106
https://showeatbucket.s3.ap-northeast-2.amazonaws.com/user/basic-profile.png,110
https://showeatbucket.s3.ap-northeast-2.amazonaws.com/user/basic-profile.png,244
https://showeatbucket.s3.ap-northeast-2.amazonaws.com/user/basic-profile.png,236
https://showeatbucket.s3.ap-northeast-2.amazonaws.com/user/basic-profile.png,285
https://showeatbucket.s3.ap-northeast-2.amazonaws.com/user/basic-profile.png,229
https://showeatbucket.s3.ap-northeast-2.amazonaws.com/user/basic-profile.png,284
https://showeatbucket.s3.ap-northeast-2.amazonaws.com/user/basic-profile.png,94
https://showeatbucket.s3.ap-northeast-2.amazonaws.com/user/basic-profile.png,90
https://showeatbucket.s3.ap-northeast-2.amazonaws.com/user/basic-profile.png,65
https://showeatbucket.s3.ap-northeast-2.amazonaws.com/user/basic-profile.png,54
https://showeatbucket.s3.ap-northeast-2.amazonaws.com/user/basic-profile.png,273
https://showeatbucket.s3.ap-northeast-2.amazonaws.com/user/basic-profile.png,280
https://showeatbucket.s3.ap-northeast-2.amazonaws.com/user/basic-profile.png,208
https://showeatbucket.s3.ap-northeast-2.amazonaws.com/user/basic-profile.png,243
https://showeatbucket.s3.ap-northeast-2.amazonaws.com/user/basic-profile.png,153
https://showeatbucket.s3.ap-northeast-2.amazonaws.com/user/basic-profile.png,293
https://showeatbucket.s3.ap-northeast-2.amazonaws.com/user/basic-profile.png,94
https://showeatbucket.s3.ap-northeast-2.amazonaws.com/user/basic-profile.png,207
https://showeatbucket.s3.ap-northeast-2.amazonaws.com/user/basic-profile.png,196
https://showeatbucket.s3.ap-northeast-2.amazonaws.com/user/basic-profile.png,260
https://showeatbucket.s3.ap-northeast-2.amazonaws.com/user/basic-profile.png,136
https://showeatbucket.s3.ap-northeast-2.amazonaws.com/user/basic-profile.png,283
https://showeatbucket.s3.ap-northeast-2.amazonaws.com/user/basic-profile.png,297
https://showeatbucket.s3.ap-northeast-2.amazonaws.com/user/basic-profile.png,297
https://showeatbucket.s3.ap-northeast-2.amazonaws.com/user/basic-profile.png,292
https://showeatbucket.s3.ap-northeast-2.amazonaws.com/user/basic-profile.png,191
https://showeatbucket.s3.ap-northeast-2.amazonaws.com/user/basic-profile.png,250
https://showeatbucket.s3.ap-northeast-2.amazonaws.com/user/basic-profile.png,63
https://showeatbucket.s3.ap-northeast-2.amazonaws.com/user/basic-profile.png,155
https://showeatbucket.s3.ap-northeast-2.amazonaws.com/user/basic-profile.png,203
https://showeatbucket.s3.ap-northeast-2.amazonaws.com/user/basic-profile.png,176
https://showeatbucket.s3.ap-northeast-2.amazonaws.com/user/basic-profile.png,230
https://showeatbucket.s3.ap-northeast-2.amazonaws.com/user/basic-profile.png,255
https://showeatbucket.s3.ap-northeast-2.amazonaws.com/user/basic-profile.png,27
https://showeatbucket.s3.ap-northeast-2.amazonaws.com/user/basic-profile.png,230
https://showeatbucket.s3.ap-northeast-2.amazonaws.com/user/basic-profile.png,66
https://showeatbucket.s3.ap-northeast-2.amazonaws.com/user/basic-profile.png,273
https://showeatbucket.s3.ap-northeast-2.amazonaws.com/user/basic-profile.png,124
https://showeatbucket.s3.ap-northeast-2.amazonaws.com/user/basic-profile.png,69
https://showeatbucket.s3.ap-northeast-2.amazonaws.com/user/basic-profile.png,208
https://showeatbucket.s3.ap-northeast-2.amazonaws.com/user/basic-profile.png,3
https://showeatbucket.s3.ap-northeast-2.amazonaws.com/user/basic-profile.png,150
https://showeatbucket.s3.ap-northeast-2.amazonaws.com/user/basic-profile.png,224
https://showeatbucket.s3.ap-northeast-2.amazonaws.com/user/basic-profile.png,119
https://showeatbucket.s3.ap-northeast-2.amazonaws.com/user/basic-profile.png,45
https://showeatbucket.s3.ap-northeast-2.amazonaws.com/user/basic-profile.png,147
https://showeatbucket.s3.ap-northeast-2.amazonaws.com/user/basic-profile.png,175
https://showeatbucket.s3.ap-northeast-2.amazonaws.com/user/basic-profile.png,55
https://showeatbucket.s3.ap-northeast-2.amazonaws.com/user/basic-profile.png,53
https://showeatbucket.s3.ap-northeast-2.amazonaws.com/user/basic-profile.png,70
https://showeatbucket.s3.ap-northeast-2.amazonaws.com/user/basic-profile.png,125
https://showeatbucket.s3.ap-northeast-2.amazonaws.com/user/basic-profile.png,211
https://showeatbucket.s3.ap-northeast-2.amazonaws.com/user/basic-profile.png,55
https://showeatbucket.s3.ap-northeast-2.amazonaws.com/user/basic-profile.png,135
https://showeatbucket.s3.ap-northeast-2.amazonaws.com/user/basic-profile.png,200
https://showeatbucket.s3.ap-northeast-2.amazonaws.com/user/basic-profile.png,240
https://showeatbucket.s3.ap-northeast-2.amazonaws.com/user/basic-profile.png,291
https://showeatbucket.s3.ap-northeast-2.amazonaws.com/user/basic-profile.png,86
https://showeatbucket.s3.ap-northeast-2.amazonaws.com/user/basic-profile.png,7
https://showeatbucket.s3.ap-northeast-2.amazonaws.com/user/basic-profile.png,175
https://showeatbucket.s3.ap-northeast-2.amazonaws.com/user/basic-profile.png,287
https://showeatbucket.s3.ap-northeast-2.amazonaws.com/user/basic-profile.png,22
https://showeatbucket.s3.ap-northeast-2.amazonaws.com/user/basic-profile.png,79
https://showeatbucket.s3.ap-northeast-2.amazonaws.com/user/basic-profile.png,30
https://showeatbucket.s3.ap-northeast-2.amazonaws.com/user/basic-profile.png,127
https://showeatbucket.s3.ap-northeast-2.amazonaws.com/user/basic-profile.png,240
https://showeatbucket.s3.ap-northeast-2.amazonaws.com/user/basic-profile.png,247
https://showeatbucket.s3.ap-northeast-2.amazonaws.com/user/basic-profile.png,181
https://showeatbucket.s3.ap-northeast-2.amazonaws.com/user/basic-profile.png,9
https://showeatbucket.s3.ap-northeast-2.amazonaws.com/user/basic-profile.png,208
https://showeatbucket.s3.ap-northeast-2.amazonaws.com/user/basic-profile.png,49
https://showeatbucket.s3.ap-northeast-2.amazonaws.com/user/basic-profile.png,239
https://showeatbucket.s3.ap-northeast-2.amazonaws.com/user/basic-profile.png,287
https://showeatbucket.s3.ap-northeast-2.amazonaws.com/user/basic-profile.png,243
https://showeatbucket.s3.ap-northeast-2.amazonaws.com/user/basic-profile.png,92
https://showeatbucket.s3.ap-northeast-2.amazonaws.com/user/basic-profile.png,242
https://showeatbucket.s3.ap-northeast-2.amazonaws.com/user/basic-profile.png,277
https://showeatbucket.s3.ap-northeast-2.amazonaws.com/user/basic-profile.png,96
https://showeatbucket.s3.ap-northeast-2.amazonaws.com/user/basic-profile.png,148
https://showeatbucket.s3.ap-northeast-2.amazonaws.com/user/basic-profile.png,214
https://showeatbucket.s3.ap-northeast-2.amazonaws.com/user/basic-profile.png,61
https://showeatbucket.s3.ap-northeast-2.amazonaws.com/user/basic-profile.png,175
https://showeatbucket.s3.ap-northeast-2.amazonaws.com/user/basic-profile.png,202
https://showeatbucket.s3.ap-northeast-2.amazonaws.com/user/basic-profile.png,25
https://showeatbucket.s3.ap-northeast-2.amazonaws.com/user/basic-profile.png,22
https://showeatbucket.s3.ap-northeast-2.amazonaws.com/user/basic-profile.png,168
https://showeatbucket.s3.ap-northeast-2.amazonaws.com/user/basic-profile.png,169
https://showeatbucket.s3.ap-northeast-2.amazonaws.com/user/basic-profile.png,92
https://showeatbucket.s3.ap-northeast-2.amazonaws.com/user/basic-profile.png,35
https://showeatbucket.s3.ap-northeast-2.amazonaws.com/user/basic-profile.png,196
https://showeatbucket.s3.ap-northeast-2.amazonaws.com/user/basic-profile.png,134
https://showeatbucket.s3.ap-northeast-2.amazonaws.com/user/basic-profile.png,111
https://showeatbucket.s3.ap-northeast-2.amazonaws.com/user/basic-profile.png,180
https://showeatbucket.s3.ap-northeast-2.amazonaws.com/user/basic-profile.png,161
https://showeatbucket.s3.ap-northeast-2.amazonaws.com/user/basic-profile.png,24
https://showeatbucket.s3.ap-northeast-2.amazonaws.com/user/basic-profile.png,245
https://showeatbucket.s3.ap-northeast-2.amazonaws.com/user/basic-profile.png,5
https://showeatbucket.s3.ap-northeast-2.amazonaws.com/user/basic-profile.png,261
https://showeatbucket.s3.ap-northeast-2.amazonaws.com/user/basic-profile.png,73
https://showeatbucket.s3.ap-northeast-2.amazonaws.com/user/basic-profile.png,128
https://showeatbucket.s3.ap-northeast-2.amazonaws.com/user/basic-profile.png,299
https://showeatbucket.s3.ap-northeast-2.amazonaws.com/user/basic-profile.png,59
https://showeatbucket.s3.ap-northeast-2.amazonaws.com/user/basic-profile.png,269
https://showeatbucket.s3.ap-northeast-2.amazonaws.com/user/basic-profile.png,201
https://showeatbucket.s3.ap-northeast-2.amazonaws.com/user/basic-profile.png,6
https://showeatbucket.s3.ap-northeast-2.amazonaws.com/user/basic-profile.png,202
https://showeatbucket.s3.ap-northeast-2.amazonaws.com/user/basic-profile.png,291
https://showeatbucket.s3.ap-northeast-2.amazonaws.com/user/basic-profile.png,3
https://showeatbucket.s3.ap-northeast-2.amazonaws.com/user/basic-profile.png,26
https://showeatbucket.s3.ap-northeast-2.amazonaws.com/user/basic-profile.png,63
https://showeatbucket.s3.ap-northeast-2.amazonaws.com/user/basic-profile.png,62
https://showeatbucket.s3.ap-northeast-2.amazonaws.com/user/basic-profile.png,97
https://showeatbucket.s3.ap-northeast-2.amazonaws.com/user/basic-profile.png,31
https://showeatbucket.s3.ap-northeast-2.amazonaws.com/user/basic-profile.png,220
https://showeatbucket.s3.ap-northeast-2.amazonaws.com/user/basic-profile.png,71
https://showeatbucket.s3.ap-northeast-2.amazonaws.com/user/basic-profile.png,121
https://showeatbucket.s3.ap-northeast-2.amazonaws.com/user/basic-profile.png,86
https://showeatbucket.s3.ap-northeast-2.amazonaws.com/user/basic-profile.png,204
https://showeatbucket.s3.ap-northeast-2.amazonaws.com/user/basic-profile.png,194
https://showeatbucket.s3.ap-northeast-2.amazonaws.com/user/basic-profile.png,275
https://showeatbucket.s3.ap-northeast-2.amazonaws.com/user/basic-profile.png,15
https://showeatbucket.s3.ap-northeast-2.amazonaws.com/user/basic-profile.png,279
https://showeatbucket.s3.ap-northeast-2.amazonaws.com/user/basic-profile.png,278
https://showeatbucket.s3.ap-northeast-2.amazonaws.com/user/basic-profile.png,97
https://showeatbucket.s3.ap-northeast-2.amazonaws.com/user/basic-profile.png,74
https://showeatbucket.s3.ap-northeast-2.amazonaws.com/user/basic-profile.png,224
https://showeatbucket.s3.ap-northeast-2.amazonaws.com/user/basic-profile.png,100
https://showeatbucket.s3.ap-northeast-2.amazonaws.com/user/basic-profile.png,31
https://showeatbucket.s3.ap-northeast-2.amazonaws.com/user/basic-profile.png,137
https://showeatbucket.s3.ap-northeast-2.amazonaws.com/user/basic-profile.png,249
https://showeatbucket.s3.ap-northeast-2.amazonaws.com/user/basic-profile.png,239
